title,description,location,lat,lng,pubDate,guid,imgLink,actURL
Better Oblivion Community Center,Tiny Desk alums Conor Oberst and Phoebe Bridgers surprised us all with their stunning collaboration this year as Better Oblivion Community Center. Together they radiate joy at the desk.,Los Angeles,34.0522342,-118.2436849,"Wed, 24 Apr 2019 11:50:00 -0400",6012dbcd-8f74-43dc-94a5-4a19f3d337c1,https://media.npr.org/assets/img/2019/04/22/betteroblivioncommunitycenter_wide-3762b55a30e11c481213b6a330727a7d9a9907d4.jpg?s=1400,https://play.podtrac.com/npr-510292/ondemand.npr.org/npr-mp4/npr/ascvid/2019/04/20190417_ascvid_betteroblivionpodcast.mp4?orgId=1&p=510292&story=716050773&t=podcast&e=716050773&ft=pod&f=510292
Gary Clark Jr.,"These three songs, from Clark's incendiary new album <em>This Land</em>, roar with the assurance and force of a showman at the top of his game.",Austin,30.267153,-97.7430608,"Tue, 16 Apr 2019 09:13:00 -0400",897052ef-6b47-4a0a-b16c-8c3064668c13,https://media.npr.org/assets/img/2019/04/16/gary_wide-9dbcb36440f0232f4582653d60c8f83da09cd7d3.jpg?s=1400,https://play.podtrac.com/npr-510292/ondemand.npr.org/npr-mp4/npr/ascvid/2019/04/20190415_ascvid_garyclarkjr.mp4?orgId=1&p=510292&story=713861305&t=podcast&e=713861305&ft=pod&f=510292
Georgia Anne Muldrow,The R&B singer from Los Angeles is all about showing and spreading love.,Los Angeles,34.0522342,-118.2436849,"Mon, 08 Apr 2019 11:47:00 -0400",ae1ba7f8-8c6f-4bb6-b663-da6020c37226,https://media.npr.org/assets/img/2019/04/08/georgia_wide-fe1a40d0aa13340b160156164ad40a5cdda0d4d3.jpg?s=1400,https://play.podtrac.com/npr-510292/ondemand.npr.org/npr-mp4/npr/ascvid/2019/04/20190401_ascvid_georgiapodcast.mp4?orgId=1&p=510292&story=711035060&t=podcast&e=711035060&ft=pod&f=510292
Courtney Marie Andrews,It was a day when sunlight drenched the office and the songs of heart from Courtney Marie Andrews felt right at home.,Phoenix,33.4483771,-112.0740373,"Wed, 03 Apr 2019 09:43:00 -0400",8d96d33a-5964-4184-8667-fc00b82a9b99,https://media.npr.org/assets/img/2019/04/03/courtney_wide-456bf34f48ec259eafa1eaeb877bd857bee1177c.jpg?s=1400,https://play.podtrac.com/npr-510292/ondemand.npr.org/npr-mp4/npr/ascvid/2019/04/20190402_ascvid_courtneypodcast.mp4?orgId=1&p=510292&story=709400711&t=podcast&e=709400711&ft=pod&f=510292
Weezer,"Performing unplugged, the band forgoes its usual meticulousness in favor of a shaggy, entirely acoustic mix of new songs and '90s-era deep cuts.",Los Angeles,34.0522342,-118.2436849,"Mon, 01 Apr 2019 13:12:00 -0400",9c89dc30-9333-4a8d-88ac-2f0c2717c7ee,https://media.npr.org/assets/img/2019/04/01/weezer_wide-3bbcf21411021b5354adab9fda2a27ddef7c62e5.jpg?s=1400,https://play.podtrac.com/npr-510292/ondemand.npr.org/npr-mp4/npr/ascvid/2019/03/20190329_ascvid_weezerpodcast.mp4?orgId=1&p=510292&story=708798870&t=podcast&e=708798870&ft=pod&f=510292
&More (Chill Moody & Donn T),"Philadelphia Rapper Chill Moody and singer Donn T, along with their crew known as &More, were one of the standout entrants in last year's Tiny Desk Contest. They bring a message of hope and love.",Angers,47.4711616,-0.5518257,"Mon, 25 Mar 2019 15:21:00 -0400",30fc6ad3-06fc-404b-a389-638b05f890d8,https://media.npr.org/assets/img/2019/03/25/-more_wide-74e4d4e80d07416f4bea041857376ee5ff237242.jpg?s=1400,https://play.podtrac.com/npr-510292/ondemand.npr.org/0?orgId=1&p=510292&story=706604811&t=podcast&e=706604811&ft=pod&f=510292
Alejandro Escovedo,"The veteran rocker and a backup band from Italy play songs from their album <em>The Crossing, </em>chronicling an American Dream of rock and roll and Beat poetry.",San Antonio,29.4241219,-98.4936282,"Wed, 20 Mar 2019 09:29:00 -0400",61ef5f4b-48ce-41eb-92fd-f365016e07ee,https://media.npr.org/assets/img/2019/03/20/alejandroescovedo-charbage_wide-44692e8580b1cb9657f0e40a2455db2334b8c3f0.jpg?s=1400,https://play.podtrac.com/npr-510292/ondemand.npr.org/npr-mp4/npr/ascvid/2019/03/20190319_ascvid_alejandropodcast-n.mp4?orgId=1&p=510292&story=705067463&t=podcast&e=705067463&ft=pod&f=510292
Kaia Kater,"Multi-hyphenate artist Kaia Kater uses the architecture of roots music, which she studied in West Virginia, to establish a simultaneous dialogue with both the present moment and her own past.",Montreal,45.5016889,-73.567256,"Thu, 14 Mar 2019 12:45:00 -0400",3506d1ec-5dbc-40c0-beab-2e6146c54788,https://media.npr.org/assets/img/2019/03/14/kaiakater_wide-c1708d2f8ecc285e9221aeaf18d9bf7546860253.jpg?s=1400,https://play.podtrac.com/npr-510292/ondemand.npr.org/npr-mp4/npr/ascvid/2019/03/20190320_ascvid_kaiapodcast-n.mp4?orgId=1&p=510292&story=703398246&t=podcast&e=703398246&ft=pod&f=510292
Meg Myers,"Myers replaces her album's roaring electric guitars and electronics with a pulsing string quartet, piano and brushed drums — and uncorks a cover of Kate Bush's ""Running Up That Hill.""",Nashville,36.1626638,-86.7816016,"Wed, 06 Mar 2019 14:01:00 -0500",1a725ea8-66d1-4767-8239-60610e525acd,https://media.npr.org/assets/img/2019/03/06/meg-myers-cpollack_wide-09fd1c93f192ffbb722b4b9b1ed7e5bb2f644ac0.jpg?s=1400,https://play.podtrac.com/npr-510292/ondemand.npr.org/npr-mp4/npr/ascvid/2019/03/20190305_ascvid_megmyers2-n.mp4?orgId=1&p=510292&story=700813800&t=podcast&e=700813800&ft=pod&f=510292
Phony Ppl,"The Brooklynites stand out for their inventive and seamless blend of jazz, R&B and hip-hop.",Brooklyn,40.6781784,-73.9441579,"Mon, 04 Mar 2019 14:41:00 -0500",8a744987-ab50-4142-80ea-06b81b25eaad,https://media.npr.org/assets/img/2019/03/04/phonyppl_wide-c89f5eb606b3ec5dc270aee085f0b5f5ea180664.jpg?s=1400,https://play.podtrac.com/npr-510292/ondemand.npr.org/npr-mp4/npr/ascvid/2019/03/20190301_ascvid_phonypodcast-n.mp4?orgId=1&p=510292&story=700127427&t=podcast&e=700127427&ft=pod&f=510292
Zaytoven,The Atlanta trap super-producer and son of a preacher man saved the day with a soulful Tiny Desk.,Germany,51.165691,10.451526,"Thu, 28 Feb 2019 12:23:00 -0500",0ba774d7-664d-443e-bb6c-868ae8151e16,https://media.npr.org/assets/img/2019/02/28/zaytoven_bboilen_wide-1dfee935450bc76bc8023e36e4ba069fc9696e04.jpg?s=1400,https://play.podtrac.com/npr-510292/ondemand.npr.org/npr-mp4/npr/ascvid/2019/02/20190226_ascvid_zaypodcast-n.mp4?orgId=1&p=510292&story=698968696&t=podcast&e=698968696&ft=pod&f=510292
Natalie Prass,"Decked out in matching, cobalt blue outfits, the singer and her band had a clear vision: If you want to overcome the times, find strength in numbers.",Cleveland,41.49932,-81.6943605,"Mon, 25 Feb 2019 11:17:00 -0500",0bf4990d-69c7-4889-b60c-07913f213ee1,https://media.npr.org/assets/img/2019/02/25/natalieprass_aalfky_wide-6cd6247a24091448e97cda8ac16502e0bd82fbaf.jpg?s=1400,https://play.podtrac.com/npr-510292/ondemand.npr.org/npr-mp4/npr/ascvid/2019/02/20190222_ascvid_natalieprasspodcast-n.mp4?orgId=1&d=741&p=510292&story=697689576&t=podcast&e=697689576&ft=pod&f=510292
Scott Mulvahill,"Scott Mulvahill has been trying to win the Tiny Desk Contest for each of its four years. And while he's never won, we all loved him so much we had to invite him to play.",Houston,29.7604267,-95.3698028,"Thu, 21 Feb 2019 10:19:00 -0500",a4d9e33c-7c36-45aa-9104-5d14cb43090f,https://media.npr.org/assets/img/2019/02/21/scott_aalfiky_wide-4bcae8c16402272f9bbd91e7b4d54dee8c62e299.jpg?s=1400,https://play.podtrac.com/npr-510292/ondemand.npr.org/npr-mp4/npr/ascvid/2019/02/20190214_ascvid_scottmulvahill-n.mp4?orgId=1&p=510292&story=696582915&t=podcast&e=696582915&ft=pod&f=510292
Mountain Man,"The voices of Amelia Meath, Molly Erin Sarlé and Alexandra Sauser-Monnig come together behind the Tiny Desk, with songs that conjure a simpler life: dogs, friends, moonlight or skinny dipping.",Bennington,42.8781345,-73.1967741,"Thu, 14 Feb 2019 10:02:00 -0500",14a177d2-b454-4c95-82c7-aeb65329f7da,https://media.npr.org/assets/img/2019/02/14/mountain_man-aalfiky_wide-a5ca32104f587a174c5af45af43542e350e02db4.jpg?s=1400,https://play.podtrac.com/npr-510292/ondemand.npr.org/npr-mp4/npr/ascvid/2019/02/20190212_ascvid_mountainmanpod-n.mp4?orgId=1&p=510292&story=694680420&t=podcast&e=694680420&ft=pod&f=510292
Kurt Vile,"Kurt Vile and his musical mate, Rob Laakso casually lose themselves in complex guitar lines that are effortlessly beautiful and lyrical.",Lansdowne,39.0832176,-77.4793641,"Wed, 06 Feb 2019 10:51:00 -0500",9da5b05c-8257-4ed7-89f5-97289c20918c,https://media.npr.org/assets/img/2019/02/06/kurt_cpollack_wide-e989aba2e90369dd41f79c2a28389b43e677319e.jpg?s=1400,https://play.podtrac.com/npr-510292/ondemand.npr.org/npr-mp4/npr/ascvid/2019/02/20190205_ascvid_kurtvile-n.mp4?orgId=1&p=510292&story=691971293&t=podcast&e=691971293&ft=pod&f=510292
Cat Power,"Chan Marshall and her band perform a brisk and beautifully orchestrated medley of Cat Power songs: ""Wanderer,"" ""Woman"" and 2006's ""The Moon.""",Atlanta,33.7489954,-84.3879824,"Mon, 04 Feb 2019 12:18:00 -0500",212e0966-35d9-45f9-a5d7-fd1de5639840,https://media.npr.org/assets/img/2019/02/04/catpower_wide-257359c44b883332c7bc686a86a637417f142b52.jpg?s=1400,https://play.podtrac.com/npr-510292/ondemand.npr.org/npr-mp4/npr/ascvid/2019/02/20190201_ascvid_catpowerpod-n.mp4?orgId=1&p=510292&story=691296395&t=podcast&e=691296395&ft=pod&f=510292
Blood Orange,This Blood Orange Tiny Desk is a beautifully conceived concert showing off the craft and care that has made Devonté Hynes a groundbreaking producer and songwriter.,Ilford,51.556619,0.076251,"Wed, 30 Jan 2019 11:00:00 -0500",6cd4f9c5-431f-40a6-ae75-580ff40af024,https://media.npr.org/assets/img/2019/01/30/bloodorange_hkim_wide-5f6b4e8e3760c6a77bc6ca61d75b7905cfe3aee0.jpg?s=1400,https://play.podtrac.com/npr-510292/ondemand.npr.org/npr-mp4/npr/ascvid/2019/01/20190125_ascvid_bloodorange-n.mp4?orgId=1&p=510292&story=689947683&t=podcast&e=689947683&ft=pod&f=510292
Stella Donnelly,"Watch the Australian singer-songwriter perform three new songs from her upcoming full-length debut, <em>Beware of the Dogs.</em>",Swansea,51.62144,-3.943646,"Wed, 23 Jan 2019 15:28:00 -0500",cc2ca193-c958-4a58-a137-ad89f616e870,https://media.npr.org/assets/img/2019/01/23/stella-donnelly-cpollack_wide-41d1747487e1a989a9b93f24fee802f1fc28b80c.jpg?s=1400,https://play.podtrac.com/npr-510292/ondemand.npr.org/npr-mp4/npr/ascvid/2019/01/20190117_ascvid_stellapodcast-n.mp4?orgId=1&d=639&p=510292&story=687927874&t=podcast&e=687927874&ft=pod&f=510292
Buddy,"The preacher's son from Compton brought his flair for the dramatic, and an air of rebellion, to the Tiny Desk.",Lubbock,33.5778631,-101.8551665,"Thu, 10 Jan 2019 11:10:00 -0500",0ef34a72-503d-44c5-afb5-31b4615e80bb,https://media.npr.org/assets/img/2019/01/10/buddy_cpollack_wide-25e3167cc539451fa362fe066a84eef71436104e.jpg?s=1400,https://play.podtrac.com/npr-510292/ondemand.npr.org/npr-mp4/npr/ascvid/2019/01/20190108_ascvid_buddypodcast-n.mp4?orgId=1&p=510292&story=683957326&t=podcast&e=683957326&ft=pod&f=510292
Wu-Tang Clan,The Clan celebrates its 25th anniversary with an old-school cipher at the Tiny Desk.,Staten Island,40.5795317,-74.1502007,"Wed, 05 Dec 2018 13:09:00 -0500",7b1ede94-6a90-450c-a164-bed7c1cd9750,https://media.npr.org/assets/img/2018/12/05/wutangclan-cpollack_wide-7a36a87c7184788d42ff7fb8606159f9f2c27372.jpg?s=1400,https://play.podtrac.com/npr-510292/ondemand.npr.org/npr-mp4/npr/ascvid/2018/12/20181205_ascvid_wutangpodcast-n.mp4?orgId=1&p=510292&story=673704227&t=podcast&e=673704227&ft=pod&f=510292
Dirty Projectors,"The band takes its quirks of production, rhythm and rhyme and brilliantly arranges them to work behind the Tiny Desk.",Brooklyn,40.6781784,-73.9441579,"Tue, 04 Dec 2018 13:42:00 -0500",61b80ea4-63ff-473f-afb4-192fef7d0545,https://media.npr.org/assets/img/2018/12/04/dirtyprojectord_cpollack_wide-acb7c99b94bde8213a8ad39fe86fb1495a195731.jpg?s=1400,https://play.podtrac.com/npr-510292/ondemand.npr.org/npr-mp4/npr/ascvid/2018/11/20181130_ascvid_dirtyprojectorspodcast-n.mp4?orgId=1&p=510292&story=673311690&t=podcast&e=673311690&ft=pod&f=510292
Joey Alexander,No one in the NPR offices could have imagined how remarkable this 15-year old pianist would be at the Tiny Desk.,Bali,-8.3405389,115.0919509,"Fri, 30 Nov 2018 12:05:00 -0500",fc07e198-97f5-4bb8-9c99-9bd1119a960c,https://media.npr.org/assets/img/2018/11/30/joey_cpollack_wide-16812db502ab8316f90484bdf4b21a7a5d197647.jpg?s=1400,https://play.podtrac.com/npr-510292/ondemand.npr.org/npr-mp4/npr/ascvid/2018/11/20181129_ascvid_joeypodcast-n.mp4?orgId=1&p=510292&story=672219064&t=podcast&e=672219064&ft=pod&f=510292
The Innocence Mission,"The Innocence Mission, ever the most careful cultivators of quiet, encouraged us to come closer, to discover the ""thing beautiful enough"" in the moment it's delivered.",Lancaster,40.0378755,-76.3055144,"Thu, 29 Nov 2018 10:57:00 -0500",21f6ac4a-daa0-4a6f-bf1b-7ffd5f2cf2fd,https://media.npr.org/assets/img/2018/11/29/the-innocence-mission-cpollack_wide-9972890c7b0cf46dba37e9d0baad13b1439bb27e.jpg?s=1400,https://play.podtrac.com/npr-510292/ondemand.npr.org/npr-mp4/npr/ascvid/2018/11/20181127_ascvid_innocencemissionpodcast-n.mp4?orgId=1&p=510292&story=671872947&t=podcast&e=671872947&ft=pod&f=510292
Pedro The Lion,"No matter how dark or disastrous, there's always been an undercurrent of grace to the music of David Bazan. He returns to his Pedro the Lion moniker for this memorable Tiny Desk performance.",Seattle,47.6062095,-122.3320708,"Thu, 08 Nov 2018 10:48:00 -0500",3b08576a-a357-4e01-a29e-3b7393090dda,https://media.npr.org/assets/img/2018/11/08/pedro-the-lion-charbage_wide-86e7df4323f6547699c03a29edb6c3eba5f1d5df.jpg?s=1400,https://play.podtrac.com/npr-510292/ondemand.npr.org/npr-mp4/npr/ascvid/2018/11/20181107_ascvid_pedrothelionpodcast-n.mp4?orgId=1&d=856&p=510292&story=665633439&t=podcast&e=665633439&ft=pod&f=510292
Liniker e os Caramelows,"Liniker e os Caramelows are from Brazil but steeped in the tradition of soul from here in the U.S. Watching this performance is to witness a spell being cast, note-by-note.",Brazil,-14.235004,-51.92528,"Mon, 29 Oct 2018 11:24:00 -0400",54cd841d-bac5-4222-9134-d9b6bfeb7069,https://media.npr.org/assets/img/2018/10/29/liniker-e-os-caramelows_wide-df29ec45dcd2359d80a69b4d1adb5e96b6cd430f.jpg?s=1400,https://play.podtrac.com/npr-510292/ondemand.npr.org/npr-mp4/npr/ascvid/2018/10/20181025_ascvid_linikereoscaramelowspodcast_1-n.mp4?orgId=1&d=1132&p=510292&story=661772827&t=podcast&e=661772827&ft=pod&f=510292
Jim James,"A single voice can send a powerful message - and that's just what Jim James did at the Tiny Desk, with just his voice and an acoustic guitar.",Louisville,38.2526647,-85.7584557,"Mon, 29 Oct 2018 11:07:00 -0400",ed980d7f-d8da-4350-9f8a-4baed5919e4f,https://media.npr.org/assets/img/2018/10/29/jim-james-mcook_wide-a7779277dee3b58541fb66130edbea0179ea2851.jpg?s=1400,https://play.podtrac.com/npr-510292/ondemand.npr.org/npr-mp4/npr/ascvid/2018/10/20181023_ascvid_jimjamespodcast-n.mp4?orgId=1&d=691&p=510292&story=661765365&t=podcast&e=661765365&ft=pod&f=510292
Chromeo,"The self-proclaimed ""Funklordz"" normally perform as a duo, but played with a live band for the first time at the Tiny Desk.",Montreal,45.5016889,-73.567256,"Mon, 22 Oct 2018 09:37:00 -0400",97838b48-14d1-4302-bae8-bf9887bcd049,https://media.npr.org/assets/img/2018/10/22/chromeo_cpollack_wide-c4db38172ba44b33edf540146927716325c4d20c.jpg?s=1400,https://play.podtrac.com/npr-510292/ondemand.npr.org/npr-mp4/npr/ascvid/2018/10/20181018_ascvid_chromeopodcast-n.mp4?orgId=1&d=1082&p=510292&story=659465663&t=podcast&e=659465663&ft=pod&f=510292
Alfredo Rodriguez,The Cuban pianist thrilled the NPR office with an intense performance that was as melodic as it was rhythmic.,La Habana,23.1135925,-82.3665956,"Mon, 22 Oct 2018 09:36:00 -0400",ad15fa01-d9da-4873-81fe-ff22be7f5646,https://media.npr.org/assets/img/2018/10/22/alfredorodrigueztrio_cameron-pollack_wide-dcdd9791dde22a81581b5da066d0b147e86e69a2.jpg?s=1400,https://play.podtrac.com/npr-510292/ondemand.npr.org/npr-mp4/npr/ascvid/2018/10/20181017_ascvid_alfredorodriguezpodcast-n.mp4?orgId=1&d=1140&p=510292&story=659465422&t=podcast&e=659465422&ft=pod&f=510292
Cafe Tacvba,The pioneering Mexican band recreates the adventurous musical energy of their massive stadium shows behind Bob Boilen's desk.,Ciudad de Mexico,19.4326077,-99.133208,"Mon, 15 Oct 2018 09:18:00 -0400",7cd7ebc8-d794-4fb7-acd2-8fbea8ca0562,https://media.npr.org/assets/img/2018/10/15/cafe_cpollock_wide-384928c7b1bcbb0d70bfaf8d940f4cb6f2b261bb.jpg?s=1400,https://play.podtrac.com/npr-510292/ondemand.npr.org/npr-mp4/npr/ascvid/2018/10/20181011_ascvid_cafepodcast-n.mp4?orgId=1&d=1147&p=510292&story=657460421&t=podcast&e=657460421&ft=pod&f=510292
Big Boi,"The OutKast star performs ""So Fresh, So Clean,"" ""The Way You Move"" and his solo single ""All Night"" with the help of singer Sleepy Brown and an eight-member backing band.",Savannah,32.0808989,-81.091203,"Wed, 10 Oct 2018 10:58:00 -0400",b53b59d3-ac37-439a-b487-4f4a5d7b49e6,https://media.npr.org/assets/img/2018/10/10/bigboi_msmith_wide-d8e9616a5363a7b27a3ec5c6d5e43b43ee6a5159.jpg?s=1400,https://play.podtrac.com/npr-510292/ondemand.npr.org/npr-mp4/npr/ascvid/2018/10/20181005_ascvid_bigboipodcast-n.mp4?orgId=1&d=778&p=510292&story=656160476&t=podcast&e=656160476&ft=pod&f=510292
Cecile McLorin Salvant,"The jazz singer, who used to be into radical feminist punk, now composes and sings beautiful jazz ballads.",Miami,25.7616798,-80.1917902,"Tue, 25 Sep 2018 14:07:00 -0400",6a896434-e6a0-4b81-bcb3-25d1358595ae,https://media.npr.org/assets/img/2018/09/25/ce-cilemclorinsalvant-sclark_wide-da36635c985342b443c3526345bcce3601794d64.jpg?s=1400,https://play.podtrac.com/npr-510292/ondemand.npr.org/npr-mp4/npr/ascvid/2018/08/20180824_ascvid_cecillepodcast-n.mp4?orgId=1&d=1107&p=510292&story=651497016&t=podcast&e=651497016&ft=pod&f=510292
Anthony Roth Costanzo,"Watch the ambitious countertenor sing music that spans more than 250 years, connecting the dots between David Byrne, George Frideric Handel and Philip Glass.",Durham,35.9940329,-78.898619,"Fri, 21 Sep 2018 10:48:00 -0400",11b92baa-43f2-4aa3-a24e-1027a8948878,https://media.npr.org/assets/img/2018/09/21/anthonycostanzo_msmith_wide-751e99cdfbcdf7954dea99efd1a26bcabd5ebe82.jpg?s=1400,https://play.podtrac.com/npr-510292/ondemand.npr.org/npr-mp4/npr/ascvid/2018/09/20180920_ascvid_anthonycostanzopodcast-n.mp4?orgId=1&d=1060&p=510292&story=650438704&t=podcast&e=650438704&ft=pod&f=510292
GoGo Penguin,"This trio has become a reference point of their own for new school instrumentalists, a coveted achievement for any jazz group, though their appeal stretches far outside the jazz ecosystem.",Manchester,53.4807593,-2.2426305,"Mon, 17 Sep 2018 11:54:00 -0400",a3109fd3-957d-4a36-87ac-06de3b93319d,https://media.npr.org/assets/img/2018/09/17/gogopenguin-sclark_wide-b5a2a128ea6a32b7ea9e9a27efc1f1cbf386bf0c.jpg?s=1400,https://play.podtrac.com/npr-510292/ondemand.npr.org/npr-mp4/npr/ascvid/2018/09/20180913_ascvid_gogopenguinpodcast-n.mp4?orgId=1&d=1100&p=510292&story=648734286&t=podcast&e=648734286&ft=pod&f=510292
T.I.,"In the fifteen years since he released <em>Trap Muzik</em>, Tip Harris has reinvented himself a thousand times over. But the stories he recounts from that era make his Tiny Desk a memorable one.",Atlanta,33.7489954,-84.3879824,"Mon, 27 Aug 2018 08:57:00 -0400",28d07764-716e-4e5f-ad75-72c18f7d37f8,https://media.npr.org/assets/img/2018/08/27/ti_eattar_wide-837082897d10a8ea0ce292aaf962f17a7127f126.jpg?s=1400,https://play.podtrac.com/npr-510292/ondemand.npr.org/npr-mp4/npr/ascvid/2018/08/20180824_ascvid_tipodcast-n.mp4?orgId=1&d=537&p=510292&story=642200400&t=podcast&e=642200400&ft=pod&f=510292
Camp Cope,"The Australian band uses tiny moments of introspection to illuminate life's bewildering, terrifying, isolating aspects — especially as they apply to women.",Melbourne,-37.8136276,144.9630576,"Wed, 22 Aug 2018 14:23:00 -0400",d139260b-bc5a-440e-9551-b9b7986698f3,https://media.npr.org/assets/img/2018/08/22/campcope-eattar1_wide-2e8e4191dd5c24070f773f8a6ef9500784db939f.jpg?s=1400,https://play.podtrac.com/npr-510292/ondemand.npr.org/npr-mp4/npr/ascvid/2018/08/20180821_ascvid_campcopepodcastnew-n.mp4?orgId=1&d=821&p=510292&story=640945982&t=podcast&e=640945982&ft=pod&f=510292
Yo-Yo Ma,"Watch the 19-time Grammy winner return to his lifelong passion for J.S. Bach, playing music from the Cello Suites and offering advice on the art of incremental learning.",Paris,48.856614,2.3522219,"Fri, 17 Aug 2018 09:27:00 -0400",b27e8631-547c-4594-80c6-9a1d77ad64fb,https://media.npr.org/assets/img/2018/08/17/yoyoma-sclark_wide-19f433b5ec530ed71c391e145e2abba03d313371.jpg?s=1400,https://play.podtrac.com/npr-510292/ondemand.npr.org/npr-mp4/npr/ascvid/2018/08/20180816_ascvid_yoyopodcast-n.mp4?orgId=1&d=744&p=510292&story=638141469&t=podcast&e=638141469&ft=pod&f=510292
Erykah Badu,"The singer's performance at the Tiny Desk was an almost spiritual experience, leaving many at the NPR Music offices in awe.",Dallas,32.7766642,-96.7969879,"Wed, 15 Aug 2018 09:18:00 -0400",287a6ae2-9618-48af-b330-ff16d3c32caf,https://media.npr.org/assets/img/2018/08/15/badu_mns_new_wide-a4a4e590c3294d9858c0cf2f169ba250946680da.jpg?s=1400,https://play.podtrac.com/npr-510292/ondemand.npr.org/npr-mp4/npr/ascvid/2018/08/20180813_ascvid_erykahpodcast-n.mp4?orgId=1&d=923&p=510292&story=638841410&t=podcast&e=638841410&ft=pod&f=510292
Tower Of Power,"Even from its beginnings in late-60s Oakland, the band has always stood out. Fifty years later, its devotion to classic horn-driven soul remains unmatched, its passion and precision unchanged.",Oakland,37.8043637,-122.2711137,"Mon, 13 Aug 2018 08:57:00 -0400",57b364e8-1083-456c-821f-7d581df60a05,https://media.npr.org/assets/img/2018/08/13/tower_sclarke_wide-11361b2f6a57325b2d93666d5040473231464a65.jpg?s=1400,https://play.podtrac.com/npr-510292/ondemand.npr.org/npr-mp4/npr/ascvid/2018/08/20180810_ascvid_towerpodcast-n.mp4?orgId=1&d=1138&p=510292&story=638140657&t=podcast&e=638140657&ft=pod&f=510292
DAWN,"DAWN has a breathless enthusiasm for shape-shifting pop music. She strips three songs to just the essentials, illuminating the impeccable songwriting behind her wild combination of sounds.",New Orleans,29.9510658,-90.0715323,"Fri, 10 Aug 2018 08:17:00 -0400",41639bb6-019a-41c5-b382-e64c8e46f744,https://media.npr.org/assets/img/2018/08/10/dawn_eattar_wide-14fd49109e6b4890a10c460d224f92ecc1e2ad0e.jpg?s=1400,https://play.podtrac.com/npr-510292/ondemand.npr.org/npr-mp4/npr/ascvid/2018/08/20180808_ascvid_dawnpodcast.mp4?orgId=1&d=698&p=510292&story=637425356&t=podcast&e=637425356&ft=pod&f=510292
Mac Miller,"Mac Miller reflects on his journey's peaks and valleys in a boisterous set of songs from <em>Swimming</em>, featuring special guest Thundercat on ""What's the Use?""",Pittsburgh,40.4406248,-79.9958864,"Mon, 06 Aug 2018 15:32:00 -0400",8d7ea534-6aed-40ef-ab1d-4675dd92271b,https://media.npr.org/assets/img/2018/08/06/macmiller_eattar1_wide-0a9de33b0d1339f58d359a04f8363be3aaa465a3.jpg?s=1400,https://play.podtrac.com/npr-510292/ondemand.npr.org/npr-mp4/npr/ascvid/2018/08/20180803_ascvid_macmillerpodcast-n.mp4?orgId=1&d=1044&p=510292&story=636086190&t=podcast&e=636086190&ft=pod&f=510292
Haley Heynderickx,One of our favorite new artists of 2018 visits the Tiny Desk.,Stockton,37.9577016,-121.2907796,"Fri, 03 Aug 2018 12:00:00 -0400",cc42f8cb-4d49-4551-9ec2-61bfe1e1b841,https://media.npr.org/assets/img/2018/08/03/haleyheynderickx-elee_wide-474f7e3296bb4ceb44898c81ef94e29922c4b309.jpg?s=1400,https://play.podtrac.com/npr-510292/ondemand.npr.org/npr-mp4/npr/ascvid/2018/08/20180802_ascvid_haleypodcast-n.mp4?orgId=1&d=1046&p=510292&story=635325035&t=podcast&e=635325035&ft=pod&f=510292
Lalah Hathaway,The veteran singer showcases her soaring powerfully expressive voice in a performance that bridges several generations of classic soul.,Chicago,41.8781136,-87.6297982,"Wed, 25 Jul 2018 08:59:00 -0400",0f126642-cd46-4062-b068-6b86f59203cd,https://media.npr.org/assets/img/2018/07/25/lalahhathaway-eattar_wide-a12604fc01870a3a50607b7977e7fb087373f252.jpg?s=1400,https://play.podtrac.com/npr-510292/ondemand.npr.org/npr-mp4/npr/ascvid/2018/07/20180724_ascvid_lalahpodcast-n.mp4?orgId=1&d=686&p=510292&story=632219462&t=podcast&e=632219462&ft=pod&f=510292
The King's Singers,The storied vocal ensemble brings close harmony singing to a diverse set list that includes a Beatles tune and a bawdy madrigal from the 1500s.,Cambridge,52.205337,0.121817,"Mon, 23 Jul 2018 09:38:00 -0400",592e2c47-66ba-4460-a57d-1057a4eed6b4,https://media.npr.org/assets/img/2018/07/23/kings_eattar_wide-5e2fda2db13769c1d106f40522261e60d62721f3.jpg?s=1400,https://play.podtrac.com/npr-510292/ondemand.npr.org/npr-mp4/npr/ascvid/2018/07/20180720_ascvid_kingsandsingerpodcast-n.mp4?orgId=1&d=1078&p=510292&story=631480650&t=podcast&e=631480650&ft=pod&f=510292
Olafur Arnalds,"The Icelandic composer is joined by two ""ghost"" pianists, making mysterious and memorable music at the Tiny Desk.",Mosfellsbaer,64.169426,-21.681345,"Thu, 19 Jul 2018 13:00:19 -0400",cd073b75-d24f-4fbb-ac92-460700f1a378,https://media.npr.org/assets/img/2018/07/19/olafurarnalds-elee_wide-fad2b06a109fe61b0ecff4b9bc0ad7cf7bd06dc7.jpg?s=1400,https://play.podtrac.com/npr-510292/ondemand.npr.org/npr-mp4/npr/ascvid/2018/07/20180718_ascvid_olafurarnaldspodcast-n.mp4?orgId=1&d=976&p=510292&story=630475348&t=podcast&e=630475348&ft=pod&f=510292
Mumu Fresh Feat. Black Thought & DJ Dummy,Occasionally a new voice emerges so rich in experience that the only way to describe it is old soul.,Philadelphia,39.9525839,-75.1652215,"Wed, 11 Jul 2018 09:12:00 -0400",65df9a49-c28e-4e16-9cad-c1fba6506cbd,https://media.npr.org/assets/img/2018/07/11/mumu_morgan_wide-b457747e018c84f85fdc0ffeae83a26eff3f69c8.jpg?s=1400,https://play.podtrac.com/npr-510292/ondemand.npr.org/npr-mp4/npr/ascvid/2018/07/20180710_ascvid_mumufreshpodcast-n.mp4?orgId=1&d=1416&p=510292&story=627975015&t=podcast&e=627975015&ft=pod&f=510292
PJ Morton,New Orleans' native son brought his musical <em>Gumbo</em> — and a 10-piece orchestra — to the Tiny Desk for some well-seasoned soul and a lesson in creative freedom.,New Orleans,29.9510658,-90.0715323,"Mon, 02 Jul 2018 09:24:00 -0400",51ece4cc-5400-4c7e-925e-f18f86ba53b9,https://media.npr.org/assets/img/2018/07/02/pjmorton-eattar_wide-e109c34bae8899bfba580c377d1ad092ab088a72.jpg?s=1400,https://play.podtrac.com/npr-510292/ondemand.npr.org/npr-mp4/npr/ascvid/2018/06/20180629_ascvid_pjmortonpodcast-n.mp4?orgId=1&p=510292&story=625298436&t=podcast&e=625298436&ft=pod&f=510292
Golden Dawn Arkestra,"Join the ""Children of the Sun"" - or sit back and enjoy the spectacle - in this Tiny Desk experience.",Austin,30.267153,-97.7430608,"Fri, 29 Jun 2018 11:07:00 -0400",ff7b6f39-b09c-46bc-9f25-03a9e1c4d78b,https://media.npr.org/assets/img/2018/06/29/goldendawn_eattar_wide-e01ce629c8afc860e0ab7084903c8369a2b0b995.jpg?s=1400,https://play.podtrac.com/npr-510292/ondemand.npr.org/npr-mp4/npr/ascvid/2018/06/20180628_ascvid_goldendawnpodcast-n.mp4?orgId=1&p=510292&story=624643583&t=podcast&e=624643583&ft=pod&f=510292
Dave Matthews,"The star sheds his band for a warm, winning, utterly game, happily overstuffed five-song performance of songs from across his long career.",Johannesburg,-26.2041028,28.0473051,"Wed, 27 Jun 2018 10:39:00 -0400",9a54d5d4-36b9-4dbb-9612-8fdebde3f641,https://media.npr.org/assets/img/2018/06/27/davematthews-sclark_wide-021aa7ae0cbb38a9b6964e66cc41acb19252e0ef.jpg?s=1400,https://play.podtrac.com/npr-510292/ondemand.npr.org/npr-mp4/npr/ascvid/2018/06/20180626_ascvid_davematthewspodcast-n.mp4?orgId=1&p=510292&story=623847870&t=podcast&e=623847870&ft=pod&f=510292
Rakim,"Watch the New York rap icon perform ""Paid In Full"" and ""Know The Ledge,"" as well as a new song for Marvel's <em>Luke Cage</em>, at the Tiny Desk.",Wyandanch,40.7539878,-73.360398,"Mon, 25 Jun 2018 08:55:00 -0400",ab23c5b9-8835-4c87-b880-644032a92e1b,https://media.npr.org/assets/img/2018/06/25/rakim-eattar_wide-0fec6828abc3f95bd9541963f6bad25f63486bb6.jpg?s=1400,https://play.podtrac.com/npr-510292/ondemand.npr.org/npr-mp4/npr/ascvid/2018/06/20180622_ascvid_rakimpodcast-n.mp4?orgId=1&p=510292&story=623150793&t=podcast&e=623150793&ft=pod&f=510292
Khalid,"Watch the 20-year-old star perform acoustic versions of ""Location,"" ""Saved"" and ""Young Dumb & Broke.""",Fort Stewart,31.8690667,-81.6089873,"Mon, 18 Jun 2018 09:46:00 -0400",1f60e998-edc7-4a40-a8e7-1ceeb2dbe857,https://media.npr.org/assets/img/2018/06/18/khalid_eattar_wide-96cdb2bdb8a64d6e233aa63a2c45496b12722d0c.jpg?s=1400,https://play.podtrac.com/npr-510292/ondemand.npr.org/npr-mp4/npr/ascvid/2018/06/20180614_ascvid_khalidpodcast-n.mp4?orgId=1&p=510292&story=620994098&t=podcast&e=620994098&ft=pod&f=510292
Trouble Funk,We squeezed 12 go-go musicians behind the Tiny Desk. Watch what ensued.,"Washington, D.C.",38.9071923,-77.0368707,"Wed, 30 May 2018 14:04:00 -0400",8ef6833b-d951-49a8-91bd-d2108db48d68,https://media.npr.org/assets/img/2018/05/30/trouble_eattar_wide-bd924e4106ac94619f9fd4e0406b195f1ac168a2.jpg?s=1400,https://play.podtrac.com/npr-510292/ondemand.npr.org/npr-mp4/npr/ascvid/2018/05/20180521_ascvid_troublefunkpodcast-n.mp4?orgId=1&p=510292&story=615440277&t=podcast&e=615440277&ft=pod&f=510292
Third Coast Percussion,"Watch the Chicago-based ensemble conjure otherworldly sounds from steel pipes, tuned cowbells and a bowl that sings.",Chicago,41.8781136,-87.6297982,"Wed, 30 May 2018 09:44:00 -0400",265cb4a5-4bb8-436f-bf0a-3b7843855cb3,https://media.npr.org/assets/img/2018/05/30/thirdcoast_charbage_wide-1af12edc6e6364c001a5d5dcfcc9c6fe948ed5b8.jpg?s=1400,https://play.podtrac.com/npr-510292/ondemand.npr.org/npr-mp4/npr/ascvid/2018/05/20180518_ascvid_thirdcoastpodcast-n.mp4?orgId=1&p=510292&story=615437813&t=podcast&e=615437813&ft=pod&f=510292
Juanes & Mon Laferte,The Colombian pop star and Chilean rising star brought their duet tour to the Tiny Desk.,Medellin,6.244203,-75.5812119,"Wed, 30 May 2018 09:26:00 -0400",f7620b47-79e1-4362-ba51-6a2959cd6975,https://media.npr.org/assets/img/2018/05/30/juanes_charbage_wide-8e056d5e2fd1cbf961571288c035608a822a0c94.jpg?s=1400,https://play.podtrac.com/npr-510292/ondemand.npr.org/npr-mp4hls.mp4?orgId=1&p=510292&story=615431925&t=podcast&e=615431925&ft=pod&f=510292
GZA & The Soul Rebels,"Most rap fans would name RZA as the head of the Wu-Tang Clan. But Wu purists know that GZA, or The Genius, is the crew's unspoken elder statesman.",Brooklyn,40.6781784,-73.9441579,"Wed, 02 May 2018 13:48:00 -0400",0a987cca-727a-4ebb-9ce5-1d64a80c5fe0,https://media.npr.org/assets/img/2018/05/02/gza_eattar_wide-cb4e7dc21b3192d3aea2983e5a66381dc1563239.jpg?s=1400,https://play.podtrac.com/npr-510292/ondemand.npr.org/npr-mp4/npr/ascvid/2018/05/20180502_ascvid_gzapodcast-n.mp4?orgId=1&p=510292&story=607763462&t=podcast&e=607763462&ft=pod&f=510292
Bedouine,"Bedouine is Azniv Korkejian, a singer and guitarist who echoes sounds from the 1960's North American folk songwriters, but with vocal inflections closer to Leonard Cohen than to Joni Mitchell.",Aleppo,36.2021047,37.1342603,"Mon, 30 Apr 2018 12:18:00 -0400",12581350-b89a-4d8f-ac59-6824c505dde9,https://media.npr.org/assets/img/2018/04/27/bedouine_bboilen_wide-18cbf4042f06e0a1174efa7dae736f7ea23803b6.jpg?s=1400,https://play.podtrac.com/npr-510292/ondemand.npr.org/npr-mp4/npr/ascvid/2018/04/20180427_ascvid_bedoudinepodcast-n.mp4?orgId=1&p=510292&story=606528205&t=podcast&e=606528205&ft=pod&f=510292
The Breeders,"The Breeders' dreamy scuzz sounds more wizened and frazzled at the Tiny Desk, featuring the same lineup behind the band's breakout, 1993 album <em>Last Splash.</em>",Boston,42.3600825,-71.0588801,"Mon, 16 Apr 2018 09:17:00 -0400",bb6e85d4-5260-4b0e-b632-51036074c051,https://media.npr.org/assets/img/2018/04/11/eattar_breeders_wide-cbb90293ae4b0cc1cf2c29df52c389d5c23a3022.jpg?s=1400,https://play.podtrac.com/npr-510292/ondemand.npr.org/npr-mp4/npr/ascvid/2018/04/20180411_ascvid_breederspodcast-n.mp4?orgId=1&p=510292&story=601643591&t=podcast&e=601643591&ft=pod&f=510292
Jorge Drexler,The Uruguayan singer-songwriter is one of the finest lyricists operating today. Watch his stunning performance behind the Tiny Desk.,Montevideo,-34.9011127,-56.1645314,"Mon, 16 Apr 2018 09:16:00 -0400",2c72df91-cd20-4099-98c4-d904062d8a2e,https://media.npr.org/assets/img/2018/04/11/eattar_jorgedrexler_wide-472f3550daaa1008ad988175ba3cf670f9c01146.jpg?s=1400,https://play.podtrac.com/npr-510292/ondemand.npr.org/npr-mp4/npr/ascvid/2018/04/20180412_ascvid_jorgedrexlerpodcast-n.mp4?orgId=1&p=510292&story=601643365&t=podcast&e=601643365&ft=pod&f=510292
Rhye,"See the band perform a rare evening Tiny Desk concert, illuminated by flickering lights",Toronto,43.653226,-79.3831843,"Mon, 09 Apr 2018 09:02:00 -0400",59b4cdf1-f2a7-4a47-b627-c8f890eafb82,https://media.npr.org/assets/img/2018/04/06/rhye_eattar_wide-9befcf64b97f905660be7e31e52287d61618f4c0.jpg?s=1400,https://play.podtrac.com/npr-510292/ondemand.npr.org/npr-mp4/npr/ascvid/2018/04/20180406_ascvid_rhyepodcast-n.mp4?orgId=1&d=1132&p=510292&story=600177360&t=podcast&e=600177360&ft=pod&f=510292
Dan Auerbach,"The guitarist and singer for The Black Keys and The Arcs brings his Easy Eye Sound Revue to the Tiny Desk, recalling a time and sound from the '60s when southern R&B, including Nashville, was a force.",Akron,41.0814447,-81.5190053,"Wed, 04 Apr 2018 15:07:00 -0400",d9790f7b-d85b-4e08-b77c-b019eaa24531,https://media.npr.org/assets/img/2018/04/03/danauerbach_eattar_wide-f3da09b0b432666d971e18b0aa7735d841f409de.jpg?s=1400,https://play.podtrac.com/npr-510292/ondemand.npr.org/npr-mp4/npr/ascvid/2018/04/20180404_ascvid_danauerbachpodcastrev2-n.mp4?orgId=1&p=510292&story=599131026&t=podcast&e=599131026&ft=pod&f=510292
Dee Dee Bridgewater,"Bridgewater connects with her roots, her birthplace and the town she's loved all her life, with a set of songs from Memphis.",Memphis,35.1495343,-90.0489801,"Tue, 03 Apr 2018 09:31:00 -0400",d969562e-d6df-4bab-86cf-fa7c821f0cdc,https://media.npr.org/assets/img/2017/12/12/deedee_charbage_wide-34361b4bf01723e1cf57a5e30f061a48cc198246.jpg?s=1400,https://play.podtrac.com/npr-510292/ondemand.npr.org/npr-mp4/npr/ascvid/2018/04/20180404_ascvid_deedeebridgewaterpodcastrev2-n.mp4?orgId=1&d=903&p=510292&story=570165656&t=podcast&e=570165656&ft=pod&f=510292
Masta Ace,"The Juice Crew legend brought his biggest hit, ""Born To Roll,"" and a heartfelt recollection of his personal journey to the Tiny Desk.",Brownsville,25.9017472,-97.4974838,"Tue, 03 Apr 2018 09:20:00 -0400",c7bb4170-14a3-4723-a10d-f0a537135376,https://media.npr.org/assets/img/2018/03/28/mastaace_eattar_wide-f120b797445a2b12a953f1b4615ae37998781f28.jpg?s=1400,https://play.podtrac.com/npr-510292/ondemand.npr.org/npr-mp4/npr/ascvid/2018/04/20180404_ascvid_mastaacepodcastrev2-n.mp4?orgId=1&d=1057&p=510292&story=597589052&t=podcast&e=597589052&ft=pod&f=510292
Cornelius,"Cornelius' Keigo Oyamada deconstructs and reassembles music like it's a neon cubist-pop sculpture. On a rare U.S. tour, the Japanese band brought its complex cool to the Tiny Desk.",Setagaya,35.6465615,139.6532924,"Mon, 19 Mar 2018 09:49:00 -0400",dc5b9dac-ef39-43ee-bab5-ceaccbd7c3c9,https://media.npr.org/assets/img/2018/03/16/cornelius_jsterner3_wide-b35c90c763f404a300d3dd1876ef0dcc811f3487.jpg?s=1400,https://play.podtrac.com/npr-510292/ondemand.npr.org/npr-mp4/npr/ascvid/2018/04/20180404_ascvid_corneliuspodcastrev2-n.mp4?orgId=1&d=974&p=510292&story=594261046&t=podcast&e=594261046&ft=pod&f=510292
Raul Midon,"Raul Midón brought nothing but a guitar and his voice to an extended Tiny Desk set of dense, breathtaking jazz and soul textures.",Embudo,36.2075228,-105.9611318,"Thu, 15 Mar 2018 09:22:00 -0400",f6b88646-4faa-408c-8942-1636a1b82b18,https://media.npr.org/assets/img/2018/03/14/raulmidon_jsterner_wide-fe375aa48a8f519c575ad410be2793f804054e6a.jpg?s=1400,https://play.podtrac.com/npr-510292/ondemand.npr.org/npr-mp4/npr/ascvid/2018/04/20180404_ascvid_raulmidonpodcastrev2-n.mp4?orgId=1&d=1411&p=510292&story=593473747&t=podcast&e=593473747&ft=pod&f=510292
John Prine,"For more than 45 years, the legendary John Prine has written some of the most powerful lyrics in the American music canon. He brings some of his best to this unforgettable Tiny Desk performance.",Maywood,33.9866807,-118.185349,"Mon, 12 Mar 2018 13:40:00 -0400",8a181927-79f8-45e7-ba02-65fe810838b3,https://media.npr.org/assets/img/2018/03/12/johnprine_cascani_wide-a4e3bdcf2e693147c401d4274d0a2c0121df909b.jpg?s=1400,https://play.podtrac.com/npr-510292/ondemand.npr.org/npr-mp4/npr/ascvid/2017/03/20170312_ascvid_johnprinepodcast-n.mp4?orgId=1&d=967&p=510292&story=592915015&t=podcast&e=592915015&ft=pod&f=510292
Big Daddy Kane,One of the greatest to ever bless the mic treated the Tiny Desk audience to an office block party.,Brooklyn,40.6781784,-73.9441579,"Thu, 22 Feb 2018 09:31:00 -0500",3d0f30f9-7885-447b-8152-0c866aa0ecde,https://media.npr.org/assets/img/2018/02/22/bigdaddykane_charbage_wide-81057fbf16ea77e80a40e3fc4fef9b357252c752.jpg?s=1400,https://play.podtrac.com/npr-510292/ondemand.npr.org/npr-mp4/npr/ascvid/2018/02/20180215_ascvid_bigdaddykanepodcast-n.mp4?orgId=1&d=1157&p=510292&story=587879697&t=podcast&e=587879697&ft=pod&f=510292
Hurray For The Riff Raff,"The music of Hurray For The Riff Raff builds bridges, unites people and forms communities. It's a spirit singer Alynda Segarra and the rest of the band bring to this memorable Tiny Desk performance.",New Orleans,29.9510658,-90.0715323,"Mon, 05 Feb 2018 09:23:00 -0500",cdb97c04-98c7-4945-b42e-876a8a65ee66,https://media.npr.org/assets/img/2018/02/05/hurrayfortheriffraff_charbage_wide-300fbd35089da44d4fdfed3022596749cac4a7ae.jpg?s=1400,https://play.podtrac.com/npr-510292/ondemand.npr.org/npr-mp4/npr/ascvid/2018/02/20180202_ascvid_hurrayfortheriffraffpodcast-n.mp4?orgId=1&d=1139&p=510292&story=583315337&t=podcast&e=583315337&ft=pod&f=510292
Jamila Woods,"In three songs celebrating black ancestry and self-love, Woods demonstrated just how adept she is at creating songs rich with philosophical meaning that also move and groove.",United States,37.09024,-95.712891,"Mon, 29 Jan 2018 09:06:00 -0500",94827c60-7d14-4ff3-9823-c547ea91de14,https://media.npr.org/assets/img/2018/01/29/jamilawoods_jkerrigan_wide-b83a8ac1a21d5906eaec92922a915b7c44be65d6.jpg?s=1400,https://play.podtrac.com/npr-510292/ondemand.npr.org/npr-mp4/npr/ascvid/2018/01/20180126_ascvid_jamilawoods_1-n.mp4?orgId=1&d=727&p=510292&story=581530791&t=podcast&e=581530791&ft=pod&f=510292
Barbara Hannigan,"Eavesdrop on a beautiful recital of German songs from <em>fin de siècle</em> Vienna, when music was transitioning from the swells of romanticism to the uncharted waters of modernism.",Waverley,45.4490653,-122.652558,"Fri, 26 Jan 2018 10:01:00 -0500",ad5e7162-5b8f-40bb-b5a6-308b4abf20e5,https://media.npr.org/assets/img/2018/01/26/barbarahannigan_jkerrigan_wide-6d6404dac87f0ad0cc59459b7f56bc16cfb6b626.jpg?s=1400,https://play.podtrac.com/npr-510292/ondemand.npr.org/npr-mp4/npr/ascvid/2018/01/20180126_ascvid_barbara-n.mp4?orgId=1&d=1007&p=510292&story=580983604&t=podcast&e=580983604&ft=pod&f=510292
George Clinton & The P-Funk All Stars,"George Clinton brought his family, both immediate and extended, to the Tiny Desk for a set of classic cosmic slop.",Kannapolis,35.4873613,-80.6217341,"Wed, 24 Jan 2018 09:24:00 -0500",85378e50-7a02-4755-b879-1b1b11b7461d,https://media.npr.org/assets/img/2018/01/24/george-clinton_cascanipsd_wide-20998e24509d65cfd62a7f6d37d6064332c8bd98.jpg?s=1400,https://play.podtrac.com/npr-510292/ondemand.npr.org/npr-mp4/npr/ascvid/2018/01/20180124_ascvid_georgeclinton-n.mp4?orgId=1&d=792&p=510292&story=580208933&t=podcast&e=580208933&ft=pod&f=510292
St. Vincent,"The singer performed at the Tiny Desk without a warmup or soundcheck, with just her acoustic guitar and un-amplified voice, letting the wordplay in her songs shine through.",Tulsa,36.1539816,-95.992775,"Mon, 22 Jan 2018 11:46:00 -0500",52d2ded2-d104-4748-9b70-27c6140841fd,https://media.npr.org/assets/img/2018/01/19/stvincent_jkerrigan_wide-16a8717c5b69e7f19e3865d3180d076151aeb854.jpg?s=1400,https://play.podtrac.com/npr-510292/ondemand.npr.org/npr-mp4/npr/tinydesk/2018/01/20180119_tinydesk_stvincentpodcast-n.mp4?orgId=1&d=744&p=510292&story=579090713&t=podcast&e=579090713&ft=pod&f=510292
Amadou and Mariam,"The Malian musicians, who've been playing together for nearly 40 years, bring some of the most lyrical melodies and joyful sounds we've ever had at the Tiny Desk.",Bamako,12.6392316,-8.0028892,"Fri, 19 Jan 2018 09:14:00 -0500",41c36949-dc40-49dc-941d-feec142abc93,https://media.npr.org/assets/img/2018/01/19/amadouandmariam_charbage_wide-fe4fe8152a8b4bf7889224c11c459763b68994fe.jpg?s=1400,https://play.podtrac.com/npr-510292/ondemand.npr.org/npr-mp4/npr/ascvid/2018/01/20180118_ascvid_amadouandmariam-n.mp4?orgId=1&d=668&p=510292&story=579087507&t=podcast&e=579087507&ft=pod&f=510292
Lo Moon,"The LA band's signature sound is intimate and demonstrative, haunting yet uplifting, an old-fashioned rock beat under glimmering guitar and keys. And at the Tiny Desk, it was at ease.",Los Angeles,34.0522342,-118.2436849,"Fri, 05 Jan 2018 09:14:00 -0500",384f980e-6564-47d8-b4fd-5dd14e8c3c66,https://media.npr.org/assets/img/2018/01/04/lomoon_cascani2_wide-9e27d691647430c103945b74762730d19c05a685.jpg?s=1400,https://play.podtrac.com/npr-510292/ondemand.npr.org/npr-mp4/npr/ascvid/2018/01/20180104_ascvid_lomoon-n.mp4?orgId=1&d=917&p=510292&story=575289270&t=podcast&e=575289270&ft=pod&f=510292
Open Mike Eagle,The indie rap denizen behind one of 2017's most inventive albums came to the nation's capital to represent all the <em>Brick Body Kids</em> who <em>Still Daydream</em>.,Chicago,41.8781136,-87.6297982,"Wed, 03 Jan 2018 08:58:00 -0500",2f2e075d-4034-40e2-9672-0c15aea9a7a7,https://media.npr.org/assets/img/2018/01/02/openmikeeagle_jkerrigan_wide-8862b9de0941beba3fb398a92d24115f51141233.jpg?s=1400,https://play.podtrac.com/npr-510292/ondemand.npr.org/npr-mp4/npr/ascvid/2018/01/20180102_ascvid_openmikepodcast2-n.mp4?orgId=1&d=778&p=510292&story=575088618&t=podcast&e=575088618&ft=pod&f=510292
"Tyler, The Creator","Tyler, The Creator performs songs from his latest album <em>Flower Boy.</em>",Los Angeles,34.0522342,-118.2436849,"Mon, 11 Dec 2017 09:06:00 -0500",fb2d9b59-962b-4b53-bae9-a39d7d0606a9,https://media.npr.org/assets/img/2017/12/08/tylerthecreator_jkerrigan_wide-5bf707d23827d7dde0807738e22424de29f55fae.jpg?s=1400,https://play.podtrac.com/npr-510292/ondemand.npr.org/npr-mp4/npr/ascvid/2017/12/20171209_ascvid_tylerthecreator-n.mp4?orgId=1&d=1484&p=510292&story=569379877&t=podcast&e=569379877&ft=pod&f=510292
King Krule,"King Krule, the musical project of English singer, songwriter and rapper, Archy Marshall, brings its twisted, woozy tones to the Tiny Desk.",London,51.5073509,-0.1277583,"Wed, 06 Dec 2017 12:01:00 -0500",3cb8d2ac-99d3-48e9-b367-29f9d550275b,https://media.npr.org/assets/img/2017/12/05/kingkrule_jkerrigan_wide-ee511ea8ee9af70f17f57bc139b5be000b946791.jpg?s=1400,https://play.podtrac.com/npr-510292/ondemand.npr.org/npr-mp4/npr/ascvid/2017/12/20171205_ascvid_kingkrule-n.mp4?orgId=1&d=1017&p=510292&story=568615607&t=podcast&e=568615607&ft=pod&f=510292
Ted Leo,"Leo's work has, more often than not through the decades, addressed an anxious world, growing and shifting with it and with its listeners. Seven years after his last solo album, he's turned inwards.",South Bend,41.6763545,-86.2519898,"Mon, 04 Dec 2017 09:21:00 -0500",06a69108-53ed-4334-9937-979d8b0f41de,https://media.npr.org/assets/img/2017/12/01/tedleo_charbage_wide-937299b3d69a69380d24d68a52fc474b9447310f.jpg?s=1400,https://play.podtrac.com/npr-510292/ondemand.npr.org/npr-mp4/npr/ascvid/2017/12/20171201_ascvid_tedleo-n.mp4?orgId=1&d=810&p=510292&story=567806454&t=podcast&e=567806454&ft=pod&f=510292
Phoebe Bridgers,"Her songs come laden with finely detailed observations about hypnotherapy, Jeffrey Dahmer and everything in between. They receive a languid, impeccably-phrased performance at the Tiny Desk.",Los Angeles,34.0522342,-118.2436849,"Mon, 27 Nov 2017 10:09:00 -0500",8aa3ed83-ac72-4d61-9610-f56aaa6742e5,https://media.npr.org/assets/img/2017/11/20/phoebebridgers_jkerrigan_wide-d222eea14c9e2ae78d021b7e78735a8c4903e5c6.jpg?s=1400,https://play.podtrac.com/npr-510292/ondemand.npr.org/npr-mp4/npr/ascvid/2017/11/20171121_ascvid_phoebebridgerspodcast-n.mp4?orgId=1&d=765&p=510292&story=565377801&t=podcast&e=565377801&ft=pod&f=510292
David Greilsammer,"With a knack for cunning juxtapositions, the adventurous pianist stitches together a baroque sonata, a slice of French serenity and a quirky portrait of a mysterious barn owl.",Jerusalem,31.768319,35.21371,"Mon, 27 Nov 2017 09:21:00 -0500",2e6e653c-e018-4c5e-9d53-467af0c7a651,https://media.npr.org/assets/img/2017/11/20/davidgreilsammer_jkerrigan_wide-683de097d18f1f9230af32408d81b5d5b4c52361.jpg?s=1400,https://play.podtrac.com/npr-510292/ondemand.npr.org/npr-mp4/npr/ascvid/2017/11/20171120_ascvid_davidgreilsammerpodcast-n.mp4?orgId=1&d=828&p=510292&story=565349728&t=podcast&e=565349728&ft=pod&f=510292
Billy Corgan,"Billy Corgan, complicated frontman of The Smashing Pumpkins, has had a tumultuous decade-and-a-half. His visit to the Tiny Desk, with a string quartet backing him, was anything but.",Elk Grove Village,42.0039178,-87.9703461,"Mon, 20 Nov 2017 09:20:00 -0500",4f5fd52c-a046-4966-90f3-8cb3f3f2a549,https://media.npr.org/assets/img/2017/11/17/billycorgan_jkerrigan_wide-8254681fa504299d152ccbd8d3414b28f7d4928d.jpg?s=1400,https://play.podtrac.com/npr-510292/ondemand.npr.org/npr-mp4/npr/ascvid/2017/11/20171117_ascvid_billycorganpodcast-n.mp4?orgId=1&d=746&p=510292&story=564879446&t=podcast&e=564879446&ft=pod&f=510292
Natalia Lafourcade,The Grammy-nominated singer's Tiny Desk is an ode to a magical time in Mexican popular music.,Coatepec,19.451938,-96.9594511,"Fri, 27 Oct 2017 11:09:00 -0400",af5f6aec-e2cf-46d2-a7a6-be8993847c60,https://media.npr.org/assets/img/2017/10/26/natalialafourcade_ljdoyle_wide-19981a11660c07ba72b934f7de4c4a139f76ee25.jpg?s=1400,https://play.podtrac.com/npr-510292/ondemand.npr.org/npr-mp4/npr/ascvid/2017/10/20171025_ascvid_natalielafourcadepodcast-n.mp4?orgId=1&d=934&p=510292&story=560181345&t=podcast&e=560181345&ft=pod&f=510292
Japanese Breakfast,"For this Tiny Desk concert, Japanese Breakfast's Michelle Zauner replaced her gauzy synths with a string quartet. The result is something to behold.",Philadelphia,39.9525839,-75.1652215,"Wed, 25 Oct 2017 08:42:00 -0400",07d42e14-f65c-4677-8f68-5cd1d1454a29,https://media.npr.org/assets/img/2017/10/23/japanesebreakfast__cascani_wide-80426bfa47f5210761576706c0b1d6a66abd5474.jpg?s=1400,https://play.podtrac.com/npr-510292/ondemand.npr.org/npr-mp4/npr/ascvid/2017/10/20171024_ascvid_japanesebreakfastpodcast-n.mp4?orgId=1&d=683&p=510292&story=559603111&t=podcast&e=559603111&ft=pod&f=510292
The Perceptionists,Watch hip-hop veterans Mr. Lif and Akrobatik team up behind the Tiny Desk.,Boston,42.3600825,-71.0588801,"Fri, 20 Oct 2017 08:42:00 -0400",0e4092d9-0644-457a-bfab-8c4656feb698,https://media.npr.org/assets/img/2017/10/20/perceptionists_cascani_wide-e44243c70cc838f28614b8d1c50237255fc8fa74.jpg?s=1400,https://play.podtrac.com/npr-510292/ondemand.npr.org/npr-mp4/npr/ascvid/2017/10/20171019_ascvid_theperceptionistspodcast-n.mp4?orgId=1&d=1269&p=510292&story=558983567&t=podcast&e=558983567&ft=pod&f=510292
Thundercat,"Thundercat is willing and able to shape-shift to fit into just about any box you show him, but he won't stay in there for long.",Los Angeles,34.0522342,-118.2436849,"Wed, 18 Oct 2017 09:06:00 -0400",26a6d64f-c8fa-41b9-90f6-2d19617de4f7,https://media.npr.org/assets/img/2017/10/16/thundercat_jkerrigan_wide-8456cc24cc8dcd3b5c7d9fc624577615701c99e4.jpg?s=1400,https://play.podtrac.com/npr-510292/ondemand.npr.org/npr-mp4/npr/ascvid/2017/10/20171016_ascvid_thundercatpodcast-n.mp4?orgId=1&d=651&p=510292&story=558133181&t=podcast&e=558133181&ft=pod&f=510292
Hanson,"Isaac, Taylor and Zac Hanson just celebrated their 25th anniversary as a band. To celebrate, watch them perform three of their post-""MMMBop"" career highlights.",Tulsa,36.1539816,-95.992775,"Mon, 16 Oct 2017 09:32:00 -0400",1b8c7085-22ef-4068-b86b-97f956efdb21,https://media.npr.org/assets/img/2017/10/16/hanson_jkerrigan2_wide-85b45b6f71fa2e2bb2d3766bf4ea9076bfac6ae9.jpg?s=1400,https://play.podtrac.com/npr-510292/ondemand.npr.org/npr-mp4/npr/ascvid/2017/10/20171013_ascvid_hansonpodcast-n.mp4?orgId=1&d=870&p=510292&story=557437706&t=podcast&e=557437706&ft=pod&f=510292
Randy Newman,Watch the six-time Grammy winner go solo behind the Tiny Desk.,Los Angeles,34.0522342,-118.2436849,"Tue, 10 Oct 2017 10:15:00 -0400",c25ee550-6861-4ca5-b8a2-194298e86deb,https://media.npr.org/assets/img/2017/10/05/randynewman_ljdoyle_wide-463df46b55ff200e21d2d5c093f28993a5a27e0e.jpg?s=1400,https://play.podtrac.com/npr-510292/ondemand.npr.org/npr-mp4/npr/ascvid/2017/10/20171018_ascvid_randynewmanpodcast-n.mp4?orgId=1&d=833&p=510292&story=555847888&t=podcast&e=555847888&ft=pod&f=510292
Paramore,Paramore captures the moment between rapture and its comedown. Watch the band rearrange songs from its sparkling pop album <em>After Laughter</em>.,Franklin,37.6826924,-97.3568888,"Mon, 02 Oct 2017 15:38:00 -0400",d242c687-1c0b-40fd-b33a-1445d5d3f82f,https://media.npr.org/assets/img/2017/09/29/paramore_cascani_wide-7cc89fdb1de966c3764e6f29d2946a61ee030c7f.jpg?s=1400,https://play.podtrac.com/npr-510292/ondemand.npr.org/npr-mp4/npr/ascvid/2017/09/20170929_ascvid_paramorepodcast-n.mp4?orgId=1&d=775&p=510292&story=554529595&t=podcast&e=554529595&ft=pod&f=510292
Chronixx,The Jamaican reggae star proudly carries the torch of his country's roots reggae legends.,Spanish Town,30.4547412,-91.1835428,"Wed, 27 Sep 2017 10:14:00 -0400",8351398a-f628-4187-926e-1b4806d5a498,https://media.npr.org/assets/img/2017/09/27/chronixx_ldoyle_wide-90ac306b57e0a7fbb6b4c4c30c4c9423cfa18006.jpg?s=1400,https://play.podtrac.com/npr-510292/ondemand.npr.org/npr-mp4/npr/ascvid/2017/09/20170927_ascvid_chronixxpodcast-n.mp4?orgId=1&d=890&p=510292&story=553955203&t=podcast&e=553955203&ft=pod&f=510292
Jidenna,"The Nigerian-American MC and his band perform three reworked selections from Jidenna's impeccable debut album, <em>The Chief</em>.",Wisconsin Rapids,44.3835763,-89.8173465,"Tue, 05 Sep 2017 12:39:00 -0400",cf6d202b-9607-48f2-b44b-76bb3f072ca3,https://media.npr.org/assets/img/2017/08/30/jidenna_ldoyle_wide-661ce162d619d798212cec1ec82c05ff7910b67a.jpg?s=1400,https://play.podtrac.com/npr-510292/ondemand.npr.org/npr-mp4/npr/ascvid/2017/08/20170830_ascvid_jidennavidpodcast-n.mp4?orgId=1&d=747&p=510292&story=547340879&t=podcast&e=547340879&ft=pod&f=510292
Jason Isbell,"The Alabama singer-songwriter and his band perform three songs from <em>The Nashville Sound</em>, but their set includes a few surprises, too.",Green Hill,35.9749494,-96.1068643,"Mon, 28 Aug 2017 12:58:00 -0400",4b21e890-27a1-4eef-abc7-a0c5b6b9305d,https://media.npr.org/assets/img/2017/08/28/jasonisbell_charbage_wide-421f23069c2545df6a38910b9a671ad2ccaf04d5.jpg?s=1400,https://play.podtrac.com/npr-510292/ondemand.npr.org/npr-mp4/npr/ascvid/2017/08/20170825_ascvid_jasonisbellvidpodcast-n.mp4?orgId=1&d=1220&p=510292&story=546769541&t=podcast&e=546769541&ft=pod&f=510292
DJ Premier & The Badder Band,"One of hip-hop's most revered producers brings his songs to life behind the Tiny Desk, with the help of a 4-piece band.",Houston,29.7604267,-95.3698028,"Mon, 21 Aug 2017 09:00:00 -0400",ed73c51d-f1df-48ff-b636-ce18f2c4e306,https://media.npr.org/assets/img/2017/08/15/djpremier_ldoyle_wide-c3c012ef7631783981a940089f81ad25313d8231.jpg?s=1400,https://play.podtrac.com/npr-510292/ondemand.npr.org/npr-mp4/npr/ascvid/2017/08/20170817_ascvid_djpremiervidpodcast-n.mp4?orgId=1&d=1482&p=510292&story=543721733&t=podcast&e=543721733&ft=pod&f=510292
Maggie Rogers,"The Maryland singer-songwriter and viral star performs three of her best-known songs, including a sweet solo take on her career-making ""Alaska.""",Easton,40.0530885,-82.9151849,"Mon, 07 Aug 2017 09:01:29 -0400",9223bce6-8540-4ec2-82af-3b232f486135,https://media.npr.org/assets/img/2017/08/04/maggierogers_ldoyle_wide-3b4afa21394d6afe33c0f0d6c9bf358f76ed933b.jpg?s=1400,https://play.podtrac.com/npr-510292/ondemand.npr.org/npr-mp4/npr/ascvid/2017/08/20170804_ascvid_maggierogersvidpodcast-n.mp4?orgId=1&d=888&p=510292&story=541639604&t=podcast&e=541639604&ft=pod&f=510292
Diet Cig,"Diet Cig's songs crackle like Pop Rocks, but with a confrontational honesty and striking gravity — and on top of Bob Boilen's desk.",New Paltz,41.7475933,-74.0868095,"Thu, 03 Aug 2017 11:47:00 -0400",e2511655-2c25-4430-b793-82190afd42e6,https://media.npr.org/assets/img/2017/08/03/dietcig_charbage_wide-c7fa7cf764b68c9ff58c6f7b467c9d42e8c076a6.jpg?s=1400,https://play.podtrac.com/npr-510292/ondemand.npr.org/npr-mp4/npr/ascvid/2017/08/20170801_ascvid_dietcig-n.mp4?orgId=1&d=593&p=510292&story=541365933&t=podcast&e=541365933&ft=pod&f=510292
Aldous Harding,"Intensity in songs often expresses itself as volume – a loud guitar, a scream, a piercing synth line. But in the case of Aldous Harding it's in the spaces, the pauses, and her unique delivery.",Auckland,-36.8484597,174.7633315,"Fri, 28 Jul 2017 09:00:00 -0400",60a74c0a-716f-405e-a1ec-073dd2d9f890,https://media.npr.org/assets/img/2017/07/27/aldousharding_charbage_wide-6e59ec83728ee3fc09defb2769f716d8d9c87506.jpg?s=1400,https://play.podtrac.com/npr-510292/ondemand.npr.org/npr-mp4/npr/ascvid/2017/07/20170727_ascvid_aldousharding-n.mp4?orgId=1&d=4&p=510292&story=539831743&t=podcast&e=539831743&ft=pod&f=510292
The Shins,"James Mercer, the emotional and creative heart of The Shins, gives a moving performance at the Tiny Desk, with two new songs and a classic from the band's 2003 album <em>Chutes Too Narrow.</em>",Albuquerque,35.0843859,-106.650422,"Wed, 26 Jul 2017 11:16:00 -0400",fcd1d082-a1f6-42a1-a029-aec96619464a,https://media.npr.org/assets/img/2017/07/26/theshins_ljdoyle_wide-26ea7952182b312c4e29c37d12ae06f1e728471f.jpg?s=1400,https://play.podtrac.com/npr-510292/ondemand.npr.org/npr-mp4/npr/ascvid/2017/07/20170720_ascvid_theshins-n.mp4?orgId=1&d=615&p=510292&story=539504696&t=podcast&e=539504696&ft=pod&f=510292
Jay Som,"Melina Duterte may have played all the instruments on Jay Som's newest record, <em>Everybody Works</em>, but her touring band brought a rougher edge to those silky recordings.",Walnut Creek,37.9100783,-122.0651819,"Mon, 10 Jul 2017 11:06:00 -0400",42c2b54b-f548-48b7-a647-eac88b0eea83,https://media.npr.org/assets/img/2017/07/10/jaysom_ljdoyle_wide-90759462d3bebf6d5dda203fc9ca49ee1ac0e270.jpg?s=1400,https://play.podtrac.com/npr-510292/ondemand.npr.org/npr-mp4/npr/ascvid/2017/07/20170707_ascvid_jaysom-n.mp4?orgId=1&d=992&p=510292&story=536450293&t=podcast&e=536450293&ft=pod&f=510292
Chance The Rapper,"Chance The Rapper, fresh from a 23,000-strong, sold-out show the night before, brought a thoughtful and fresh take to his Tiny Desk concert.",Chicago,41.8781136,-87.6297982,"Wed, 05 Jul 2017 07:00:02 -0400",2369c535-2764-427d-8be8-70af83bb6ff1,https://media.npr.org/assets/img/2017/06/16/chancetherapper_charbage_wide-c1f4c14d8d2e6d74f320e0b7d82490a540bb78e3.jpg?s=1400,https://play.podtrac.com/npr-510292/ondemand.npr.org/npr-mp4/npr/ascvid/2017/06/20170616_ascvid_chancevidpodcast-n.mp4?orgId=1&d=787&p=510292&story=533259991&t=podcast&e=533259991&ft=pod&f=510292
Helado Negro,"Helado Negro ditches his bank of electronics for alto and tenor saxophones, bringing his utterly unique style to a intense, perfectly balanced Tiny Desk Concert.",Florida,27.6648274,-81.5157535,"Fri, 30 Jun 2017 13:20:00 -0400",466c2708-fbc2-452d-bd06-fb8ed65f7411,https://media.npr.org/assets/img/2017/06/30/heladonegro_charbage_wide-f0129ce3d0c7b66a0517e4254aaab8385094cae4.jpg?s=1400,https://play.podtrac.com/npr-510292/ondemand.npr.org/npr-mp4/npr/ascvid/2017/06/20170629_ascvid_heladonegrovidpod-n.mp4?orgId=1&d=908&p=510292&story=535035053&t=podcast&e=535035053&ft=pod&f=510292
Royal Thunder,"What happens when you ask a hard-rock band to unplug its thunder? It draws power from a raw, desperate vulnerability.",Atlanta,33.7489954,-84.3879824,"Tue, 30 May 2017 10:36:00 -0400",4b9f810e-c368-44f2-8f3b-2b68510d59f1,https://media.npr.org/assets/img/2017/05/30/royalthunder_charbage_wide-4490e9f215fb3bde8ea2d815ccca775d8e25be58.jpg?s=1400,https://play.podtrac.com/npr-510292/ondemand.npr.org/npr-mp4/npr/ascvid/2017/05/20170526_ascvid_royalthunder-n.mp4?orgId=1&d=869&p=510292&story=530717510&t=podcast&e=530717510&ft=pod&f=510292
Gabriel Garzan-Montano,"Gabriel Garzón-Montano spent three years writing and recording his beautiful, dense album <em>Jardin </em>-- but for his Tiny Desk visit, he stripped it all down to two elements, the piano and his voice.",Brooklyn,40.6781784,-73.9441579,"Fri, 26 May 2017 09:56:00 -0400",a65bcf72-de6b-42f7-8d50-0195cc329839,https://media.npr.org/assets/img/2017/05/26/gabrielgarciamontano_charbage_wide-a62ada426f7e4cd1305a56612c3d623b48833c00.jpg?s=1400,https://play.podtrac.com/npr-510292/ondemand.npr.org/npr-mp4/npr/ascvid/2017/05/20170525_ascvid_garzonmontano-n.mp4?orgId=1&d=674&p=510292&story=530194563&t=podcast&e=530194563&ft=pod&f=510292
Aimee Mann,"""This song is called 'You Never Loved Me' — it's another cheery, optimistic number,"" says Aimee Mann, introducing the second of four songs in this Tiny Desk Concert.",Richmond,37.5407246,-77.4360481,"Mon, 08 May 2017 11:14:00 -0400",add0a3f5-63bc-4625-abd8-4bdc88adac41,https://media.npr.org/assets/img/2017/05/08/aimeemann_mcarrasquero_wide-01a986c3165676578970689ffaa01409cf77c490.jpg?s=1400,https://play.podtrac.com/npr-510292/ondemand.npr.org/npr-mp4/npr/ascvid/2017/05/20170508_ascvid_aimeemann4-n.mp4?orgId=1&d=918&p=510292&story=527408738&t=podcast&e=527408738&ft=pod&f=510292
alt-J,I have a self-imposed rule for Tiny Desk Concerts: No artist can visit twice unless there's something wholly different about what they're doing. alt-J was happy to oblige.,Leeds,53.8007554,-1.5490774,"Mon, 24 Apr 2017 10:52:00 -0400",d28ed53a-68ac-47b6-b9a1-87d496b3269e,https://media.npr.org/assets/img/2017/04/24/altj_mcarrasquero_wide-de9abdde41db579aef3cd5f18dfe586827ce168a.jpg?s=1400,https://play.podtrac.com/npr-510292/ondemand.npr.org/npr-mp4/npr/ascvid/2017/04/20170421_ascvid_altjvidpodcast-n.mp4?orgId=1&d=1045&p=510292&story=525393162&t=podcast&e=525393162&ft=pod&f=510292
Chicano Batman,"Chicano Batman comes with a sound that perfectly captures dark lounges, <em>quinceñera</em> dances, car shows and backyard parties.",Los Angeles,34.0522342,-118.2436849,"Mon, 17 Apr 2017 13:07:00 -0400",070f4bc9-4872-411a-a17b-95f218706dd9,https://media.npr.org/assets/img/2017/04/17/chicanobatman_mcarrasquero_wide-0af9795355d311cac2f72b320b8b9f57adbd9217.jpg?s=1400,https://play.podtrac.com/npr-510292/ondemand.npr.org/npr-mp4/npr/ascvid/2017/04/20170417_ascvid_chicanobatmanvidpodcast-n.mp4?orgId=1&d=759&p=510292&story=524335123&t=podcast&e=524335123&ft=pod&f=510292
Maren Morris,"One of the newest Grammy winners stops by the Tiny Desk to share her winking, sometimes tongue-in-cheek songs.",Arlington,38.8816208,-77.0909809,"Mon, 06 Mar 2017 09:59:00 -0500",d6849b59-0b71-48de-a094-63bcaacc19da,https://media.npr.org/assets/img/2017/03/06/marenmorris_charbage_wide-e747debccf2f7739edf925ff0cdfbf3bac77354c.jpg?s=1400,https://play.podtrac.com/npr-510292/ondemand.npr.org/npr-mp4/npr/ascvid/2017/03/20170303_ascvid_marrenmorris-n.mp4?orgId=1&d=733&p=510292&story=518787540&t=podcast&e=518787540&ft=pod&f=510292
Ninet,One of Israel's very popular artists maybe be walking a similar path to early-career Joan Jett — she brought that same intensity to the Tiny Desk.,Israel,31.046051,34.851612,"Fri, 03 Mar 2017 09:53:00 -0500",5055526b-65fb-481c-bf0b-adb5bcad7b8f,https://media.npr.org/assets/img/2017/03/02/ninettayeb_mcarrasquero_wide-2408208213486b3374f652262adc2dfe3c18ff59.jpg?s=1400,https://play.podtrac.com/npr-510292/ondemand.npr.org/npr-mp4/npr/ascvid/2017/03/20170302_ascvid_ninetvidpodcast-n.mp4?orgId=1&d=754&p=510292&story=518178244&t=podcast&e=518178244&ft=pod&f=510292
Dirty Dozen Brass Band,"To celebrate Fat Tuesday, The Dirty Dozen Brass Band brought their euphoric horns to the Tiny Desk for a raucous, joyous set.",New Orleans,29.9510658,-90.0715323,"Tue, 28 Feb 2017 09:00:15 -0500",381e3615-883d-4400-a52e-18d0a4ecf811,https://media.npr.org/assets/img/2017/02/27/dirtydozen_charbage_wide-b34ef6fbef5d94a04e4da588164580a1cf09ca88.jpg?s=1400,https://play.podtrac.com/npr-510292/ondemand.npr.org/npr-mp4/npr/ascvid/2017/02/20170227_ascvid_dirtydozenvpodcast-n.mp4?orgId=1&d=1365&p=510292&story=517586221&t=podcast&e=517586221&ft=pod&f=510292
Agnes Obel,Agnes Obel manipulated the Tiny Desk to better suit the deeply alluring and powerful music she brought to us.,Gentofte,55.75311,12.5386957,"Wed, 15 Feb 2017 09:39:00 -0500",881d3907-a4bb-4f4c-9ad7-90c65fce7aeb,https://media.npr.org/assets/img/2017/02/14/agnesobel_rzaldivar_wide-d9207e720a7d98c7aec6c7a0ef09b3401587a6ce.jpg?s=1400,https://play.podtrac.com/npr-510292/ondemand.npr.org/npr-mp4/npr/ascvid/2017/02/20170214_ascvid_agnesobelvpodcast-n.mp4?orgId=1&d=809&p=510292&story=515199072&t=podcast&e=515199072&ft=pod&f=510292
Esme Patterson,"Esmé Patterson has dropped the banjos and folk from her previous project Paper Bird — in their place, electric guitars and a backing band worth getting behind.",Denver,39.7392358,-104.990251,"Fri, 10 Feb 2017 10:59:00 -0500",9bdd37f6-e31e-452a-b918-43c01e1e6c31,https://media.npr.org/assets/img/2017/02/10/esmepatterson_npr_wide-7569e8ee8f7c8187c263d42d106f243f8d81ec91.jpg?s=1400,https://play.podtrac.com/npr-510292/ondemand.npr.org/npr-mp4/npr/ascvid/2017/02/20170210_ascvid_epattersonvpodcast-n.mp4?orgId=1&d=713&p=510292&story=513260090&t=podcast&e=513260090&ft=pod&f=510292
D.R.A.M.,"The rapper/singer storms the NPR Music offices, activating his signature smile and bouncing through five highlights from his catalog — including the smash single ""Broccoli.""",Germany,51.165691,10.451526,"Wed, 01 Feb 2017 09:00:04 -0500",f9743dcf-6354-492c-b4ae-0dd13a93299f,https://media.npr.org/assets/img/2017/01/12/dram_charbage_wide-80c114f63d8aeab26e2d05c6836906b0fcc9a995.jpg?s=1400,https://play.podtrac.com/npr-510292/ondemand.npr.org/npr-mp4/npr/ascvid/2017/01/20170112_ascvid_dramvidpodcast-n.mp4?orgId=1&d=1260&p=510292&story=509502977&t=podcast&e=509502977&ft=pod&f=510292
BADBADNOTGOOD,"The jazz band, known for its soulful interpretations of songs by Nas and Ol' Dirty Bastard, plays its own new material live in the NPR Music offices.",Toronto,43.653226,-79.3831843,"Mon, 23 Jan 2017 12:03:00 -0500",7c7741eb-f81c-4b31-be26-d03e6b87283b,https://media.npr.org/assets/img/2017/01/23/badbadnotgood_charbage_wide-2c09feb7fd61b5add6fe9b52ea12f10f16a27462.jpg?s=1400,https://play.podtrac.com/npr-510292/ondemand.npr.org/npr-mp4/npr/ascvid/2017/01/20170123_ascvid_bbngvidpodcast-n.mp4?orgId=1&d=1313&p=510292&story=511210258&t=podcast&e=511210258&ft=pod&f=510292
Lila Downs,"With a voice that borrows heavily from opera, Downs performs the kind of full-throated mariachi singing that would fit right in at Mexico City's Garibaldi Square — ground zero for mariachi.",Tlaxiaco,17.268751,-97.679629,"Fri, 13 Jan 2017 11:26:00 -0500",853bfe06-28f7-447a-8af1-df516c82bf69,https://media.npr.org/assets/img/2017/01/13/liladowns_npr_wide-e4c3dbbc4a2811017944f363b5a35daa8767224e.jpg?s=1400,https://play.podtrac.com/npr-510292/ondemand.npr.org/npr-mp4/npr/ascvid/2017/01/20170113_ascvid_liladownsvidpodcast-n.mp4?orgId=1&d=1333&p=510292&story=509671339&t=podcast&e=509671339&ft=pod&f=510292
Donny McCaslin,"Hear McCaslin, the saxophonist and bandleader whose group backed David Bowie on <em>Blackstar</em>, near the anniversary of that album's release. Selections include an instrumental take on Bowie's ""Lazarus.""",Santa Clara,37.3541079,-121.9552356,"Tue, 10 Jan 2017 11:53:00 -0500",446447e5-b17a-48d0-88b0-a41017a40e3e,https://media.npr.org/assets/img/2017/01/10/donnymccaslin_rzaldivar_wide-3b4e5bd2a271f295fdedea257d2fc2167cb3e301.jpg?s=1400,https://play.podtrac.com/npr-510292/ondemand.npr.org/npr-mp4/npr/ascvid/2017/01/20170106_ascvid_donnycaslinvidpodcast-n.mp4?orgId=1&d=1612&p=510292&story=509140411&t=podcast&e=509140411&ft=pod&f=510292
Pinegrove,"There's a confessional quality to the songs of Pinegrove that feels reassuring. Watch the New Jersey band squeeze four songs into a scrappy, warmhearted 13-minute set.",Montclair,40.8259007,-74.2090053,"Fri, 02 Dec 2016 09:00:15 -0500",2aa87ac2-8732-41bb-af20-ff247557651d,https://media.npr.org/assets/img/2016/11/30/pinegrove_rzaldivar_wide-2cb0f40ef5884de68fefffd8604e7ababdcfcd8f.jpg?s=1400,https://play.podtrac.com/npr-510292/ondemand.npr.org/npr-mp4/npr/ascvid/2016/11/20161130_ascvid_pinegrove-n.mp4?orgId=1&d=765&p=510292&story=503893916&t=podcast&e=503893916&ft=pod&f=510292
Tegan And Sara,"Appearing in the NPR Music offices on the eve of the 2016 elections, the Canadian pop duo crafts acoustic versions of pop anthems like ""Closer and ""Boyfriend.""",Calgary,51.0486151,-114.0708459,"Mon, 21 Nov 2016 09:44:00 -0500",ad50a5fe-9985-4cf4-9c63-9703bebfb983,https://media.npr.org/assets/img/2016/11/17/teganandsara_rzaldivar_wide-fb90e2a5a21bef2001d2b3c88a74a0930af959ae.jpg?s=1400,https://play.podtrac.com/npr-510292/ondemand.npr.org/npr-mp4/npr/ascvid/2016/11/20161117_ascvid_teganandsara-n.mp4?orgId=1&d=1055&p=510292&story=502482602&t=podcast&e=502482602&ft=pod&f=510292
John Paul White,"Formerly half of The Civil Wars, the singer-songwriter returns to perform three rearranged songs from his solo debut, <em>Beulah</em>.",Loretto,43.0053974,-76.136236,"Wed, 16 Nov 2016 10:25:00 -0500",a346a4ad-45a9-4813-855a-5ac302b9a85a,https://media.npr.org/assets/img/2016/11/11/johnpaulwhite_rzaldivar_wide-3279ac8f68197ace6bdb18d860ccf80a998a5119.jpg?s=1400,https://play.podtrac.com/npr-510292/ondemand.npr.org/npr-mp4/npr/ascvid/2016/11/20161108_ascvid_jpwhite2-n.mp4?orgId=1&d=812&p=510292&story=501710271&t=podcast&e=501710271&ft=pod&f=510292
Joseph,"The trio's sound has grown to include elements beyond sisterly harmonies and acoustic guitar. But here, Joseph strips down to its original setup, playing newer songs the way they could have been.",Portland,45.5154586,-122.6793461,"Fri, 28 Oct 2016 10:04:00 -0400",c2f41f93-ece5-4239-b280-d9c594eae417,https://media.npr.org/assets/img/2016/10/26/joseph_charbage_wide-ce0d88c942fb88e95c4a3876a862d51700e06333.jpg?s=1400,https://play.podtrac.com/npr-510292/ondemand.npr.org/npr-mp4/npr/ascvid/2016/10/20161025_ascvid_joseph2-n.mp4?orgId=1&d=674&p=510292&story=499494893&t=podcast&e=499494893&ft=pod&f=510292
Drive-By Truckers,The long-running rock band holds a mirror to the hard realities of America right now on <em>American Band</em>. Watch Drive-By Truckers' emotional performance at the NPR Music office.,Athens,37.9838096,23.7275388,"Mon, 24 Oct 2016 14:00:03 -0400",a63b4481-bd7e-40b8-b75a-50824b57231e,https://media.npr.org/assets/img/2016/10/24/drivebytruckers_npr_wide-8dc567069367bb8c1da60f0c2891e7ae15909b3f.jpg?s=1400,https://play.podtrac.com/npr-510292/ondemand.npr.org/npr-mp4/npr/ascvid/2016/10/20161021_ascvid_drivebytruckers-n.mp4?orgId=1&d=982&p=510292&story=499150936&t=podcast&e=499150936&ft=pod&f=510292
Billy Bragg & Joe Henry,"Performing songs they recorded on a recent train journey across the U.S., the two songwriters celebrate the romance and vitality of the modern railroad.",Barking,51.536563,0.075766,"Thu, 20 Oct 2016 16:38:00 -0400",cab1223d-9d71-4d21-9583-e481782da11f,https://media.npr.org/assets/img/2016/10/17/bragghenry_charbage_wide-10a1bcdb0d6aae581a0e00d50706f9f5f406d063.jpg?s=1400,https://play.podtrac.com/npr-510292/ondemand.npr.org/npr-mp4/npr/ascvid/2016/10/20161017_ascvid_bragghenry-n.mp4?orgId=1&d=782&p=510292&story=498248743&t=podcast&e=498248743&ft=pod&f=510292
RDGLDGRN,"The D.C.-area band crafts a striking mix of rock, hip-hop, funk, go-go and Brazilian sounds, fused with energy and humor.",Reston,38.9586307,-77.3570028,"Mon, 17 Oct 2016 10:28:00 -0400",130188af-f4be-44eb-9fe9-871dedc48ac8,https://media.npr.org/assets/img/2016/10/13/rdgldgrn_npr_wide-8a4a590b915aba25247fc3464450b2601b33643b.jpg?s=1400,https://play.podtrac.com/npr-510292/ondemand.npr.org/npr-mp4/npr/ascvid/2016/10/20161013_ascvid_rdgldgrn-n.mp4?orgId=1&d=724&p=510292&story=497818226&t=podcast&e=497818226&ft=pod&f=510292
Big Thief,"The band's songs exude muscular warmth, with lyrics that are both memorable and meaningful. Watch Big Thief perform three songs from <em>Masterpiece</em>, recorded live in the NPR Music offices.",Brooklyn,40.6781784,-73.9441579,"Mon, 29 Aug 2016 14:03:00 -0400",210cce63-1c3a-4fae-8989-51dd4528d799,https://media.npr.org/assets/img/2016/08/29/bigthief_rwallau_wide-9cc262cc91fd4bedb9a8023af1dc93ff2c6b67bb.jpg?s=1400,https://play.podtrac.com/npr-510292/ondemand.npr.org/npr-mp4/npr/ascvid/2016/08/20160829_ascvid_bigthiefvidpodcast-n.mp4?orgId=1&d=569&p=510292&story=491806641&t=podcast&e=491806641&ft=pod&f=510292
Eddie Palmieri,"An icon for both modern and Latin jazz, the veteran performer continues to break tradition and innovate within many musical styles, including salsa, fusion, Latin funk and more.",The Bronx,40.8447819,-73.8648268,"Fri, 19 Aug 2016 09:40:00 -0400",74daf07e-4ca6-4b14-8cc8-107d2f7276e3,https://media.npr.org/assets/img/2016/08/18/eddiepalmieri_rwallau_wide-62eaff82ff5a21ec8be04f54470ace9d46dd4b26.jpg?s=1400,https://play.podtrac.com/npr-510292/ondemand.npr.org/npr-mp4/npr/ascvid/2016/08/20160818_ascvid_eddiepalmierividpodcast-n.mp4?orgId=1&d=926&p=510292&story=490485066&t=podcast&e=490485066&ft=pod&f=510292
Anderson .Paak & The Free Nationals,"Watch the invigorating, genre-busting bandleader, drummer, singer and rapper perform four songs — three from this year's <em>Malibu</em>, plus one surprising audience request.",Oxnard,34.1975048,-119.1770516,"Mon, 15 Aug 2016 14:16:00 -0400",5dedaa2b-9302-4415-9e44-12a890c87c81,https://media.npr.org/assets/img/2016/08/12/andersonpaak_crobert_wide-92a3c2a29696f995ac8eb0c3a0955e23ecf2a996.jpg?s=1400,https://play.podtrac.com/npr-510292/ondemand.npr.org/npr-mp4/npr/ascvid/2016/08/20160812_ascvid_andersonpaakvidpodcast-n.mp4?orgId=1&d=952&p=510292&story=489828111&t=podcast&e=489828111&ft=pod&f=510292
The Jayhawks,"The beloved band displays its signature country-tinged rock and close harmonies in four stripped-down songs from its newest album, <em>Paging Mr. Proust</em>.",Minneapolis,44.977753,-93.2650108,"Mon, 08 Aug 2016 14:00:03 -0400",32081d4c-2e2b-4dbf-8d0d-3eefd40bc200,https://media.npr.org/assets/img/2016/08/08/thejayhawks_rwallau_wide-2604a79cd515ddeabd8294db08535e8aa269ada0.jpg?s=1400,https://play.podtrac.com/npr-510292/ondemand.npr.org/npr-mp4/npr/ascvid/2016/08/20160808_ascvid_jayhawks-n.mp4?orgId=1&d=925&p=510292&story=489185792&t=podcast&e=489185792&ft=pod&f=510292
Rachel Barton Pine,"Watch the genial violinist commune with nearly 300-year-old music by J.S. Bach, played on an instrument built during the composer's heyday.",Chicago,41.8781136,-87.6297982,"Fri, 05 Aug 2016 09:00:01 -0400",2bacb96e-4e97-491d-bffc-9f161b7ebee2,https://media.npr.org/assets/img/2016/08/02/rachelbartonpine_charbage_wide-cf43190e558f8e5908b6d68da796c80967c123bd.jpg?s=1400,https://play.podtrac.com/npr-510292/ondemand.npr.org/npr-mp4/npr/ascvid/2016/08/20160802_ascvid_rachelbpvidpodcast-n.mp4?orgId=1&d=788&p=510292&story=488395139&t=podcast&e=488395139&ft=pod&f=510292
Kevin Morby,"The singer, known for his work in the bands Woods and The Babies, performs carefully crafted songs with powerful lyrics. Morby released his new album, <em>Singing Saw</em>, earlier this year.",Lubbock,33.5778631,-101.8551665,"Mon, 01 Aug 2016 14:00:29 -0400",9a420b49-799f-4ee8-939e-2f208e79fa52,https://media.npr.org/assets/img/2016/08/01/kevinmorby_rwallau2_wide-51c782b534b27dffd8185f7b2c58dd82947a6e2f.jpg?s=1400,https://play.podtrac.com/npr-510292/ondemand.npr.org/npr-mp4/npr/ascvid/2016/08/20160801_ascvid_kevinmorbyvidpodcast-n.mp4?orgId=1&d=741&p=510292&story=488239572&t=podcast&e=488239572&ft=pod&f=510292
Lucy Dacus,"The Virginia musician writes songs that can be thoughtful, playful and powerful, with tremendous arrangements from guitarist Jacob Blizard. Watch Dacus and her band perform three songs from <em>No Burden</em>.1",Richmond,37.5407246,-77.4360481,"Fri, 29 Jul 2016 11:56:00 -0400",04c9efec-7503-4975-9957-e56a0478ab83,https://media.npr.org/assets/img/2016/07/29/lucydacus_charbage2_wide-720eb09208c09542a60269f9b6491da6b7434d90.jpg?s=1400,https://play.podtrac.com/npr-510292/ondemand.npr.org/npr-mp4/npr/ascvid/2016/07/20160728_ascvid_lucydacus-n.mp4?orgId=1&d=661&p=510292&story=487926408&t=podcast&e=487926408&ft=pod&f=510292
Gregory Porter,"Watch an entrancing set by the decorated soul singer, who'd visited NPR on a difficult day. Porter's music can be serious and heartwarming, but it never loses its sense of wonder and delight.",Sacramento,38.5815719,-121.4943996,"Mon, 18 Jul 2016 14:01:00 -0400",2a3a183b-1f18-41ee-8b70-e1f646a3802a,https://media.npr.org/assets/img/2016/07/18/gregoryporter_bboilen2_wide-7372a46d24b326a60b0050866818476d85fb7b69.jpg?s=1400,https://play.podtrac.com/npr-510292/ondemand.npr.org/npr-mp4/npr/ascvid/2016/07/20160718_ascvid_gregoryporter-n.mp4?orgId=1&d=1045&p=510292&story=486490155&t=podcast&e=486490155&ft=pod&f=510292
